run,domain,mode,step,change,runtime_effect,runtime_pass,proposal,proposal_pass,commit,commit_pass,m4_change_to_observation_ms,pass,notes
rq2-2026-09-23,office,sim,1,plug ambient (illuminance) on dev1,"{""keyObserved"":true,""modelledBefore"":[]}",true,A2:SENSOR_UNMODELLED,true,"{""sensorAtO0"":{""sensors"":[""dev1_illuminance""],""target"":""O0"",""status"":200,""version"":2},""conformance"":{""errors"":[],""warnings"":[],""projects"":true}}",true,1913,true,
rq2-2026-09-23,office,sim,2,"plug soundPressure (decibel, untyped) on dev1; then both bricklets on dev2","{""keysObserved"":[""decibel""]}",true,A4:TYPES_MISSING_ABOVE B2:SENSOR_TYPE_MISSING[decibel] A2:SENSOR_UNMODELLED (2 sensors on dev2),true,"{""typeAtO1"":{""target"":""O1"",""status"":200,""version"":2},""sensorsAtO0"":[{""sensors"":[""dev1_decibel""],""target"":""O0"",""status"":200,""version"":4},{""target"":""O0"",""status"":200,""version"":5}],""conformance"":{""errors",true,172,true,
rq2-2026-09-23,office,sim,3,"model decibel.max (dev1+dev2), illuminance.avg (dev1) and the goal roomLight","[{""id"":""decibel.max"",""source"":""model""},{""id"":""illuminance.avg"",""source"":""model""},{""id"":""comfort-level"",""source"":""local""}]",true,,true,"{""kpiTypeAtO1"":null,""commit"":200,""o1"":null,""conformance"":{""errors"":[],""warnings"":[],""projects"":true}}",true,,true,
rq2-2026-09-23,office,sim,4,unplug dev2 ambient (used by nothing),"{""dev2_illuminance"":{""sensor"":""dev2_illuminance"",""device"":""dev2"",""fleetId"":""acs2"",""key"":""illuminance"",""unit"":""lx"",""label"":""Illuminance"",""online"":false,""value"":null,""observedAt"":null}}",true,,true,"{""deleteSensor"":200,""conformance"":{""errors"":[],""warnings"":[],""projects"":true}}",true,2175,true,"the model is cleaned by the operator, the assistant does not propose removals"
rq2-2026-09-23,office,sim,5,unplug dev2 soundPressure (one of two inputs of decibel.max),"{""disabled"":{""id"":""decibel.max"",""label"":""decibel.max"",""aggregation"":""max"",""inputs"":[""decibel""],""source"":""model"",""sensors"":[{""fleetId"":""acs1"",""device"":""dev1"",""sensor"":""dev1_decibel"",""key"":""decibel"",""on",true,,true,"{""deleteInput"":200,""conformance"":{""errors"":[],""warnings"":[],""projects"":true}}",true,325,true,
rq2-2026-09-23,office,sim,6,"unplug dev1 ambient (only input of illuminance.avg, measured by the goal)","{""disabled"":{""id"":""illuminance.avg"",""label"":""illuminance.avg"",""aggregation"":""avg"",""inputs"":[""illuminance""],""source"":""model"",""sensors"":[{""fleetId"":""acs1"",""device"":""dev1"",""sensor"":""dev1_illuminance"",""ke",true,,true,"{""status"":422,""error"":""not_conforming"",""diagnostics"":[""C8.TOO_FEW"",""P5.NO_INPUTS"",""P6.GOAL_OUT_OF_SCOPE""],""versionUnchanged"":true}",true,2681,true,the commit is blocked: the indicator would lose its inputs and the goal become unevaluable
rq2-2026-09-23,office,sim,7,replace the controller of dev2 (new X-Device-Id),"{""spaceWhileUnmapped"":null,""mappedAgain"":""room_b""}",true,A1:DEVICE_UNMODELLED,true,"{""rebind"":{""target"":""O0"",""status"":200,""version"":9},""conformance"":{""errors"":[],""warnings"":[],""projects"":true}}",true,9036,true,
rq2-2026-09-23,office,sim,8,"re-plug dev2 ambient, then unplug it before accepting the proposal","{""proposalWhilePlugged"":[""A2:SENSOR_UNMODELLED""],""proposalAfter"":[]}",true,A2:SENSOR_UNMODELLED →,true,,,1036,true,nothing was committed
rq2-2026-09-23,home,sim,1,plug ambient (illuminance) on dev1,"{""keyObserved"":true,""modelledBefore"":[]}",true,A4:TYPES_MISSING_ABOVE B2:SENSOR_TYPE_MISSING[co2] B2:SENSOR_TYPE_MISSING[temperature] B2:SENSOR_TYPE_MISSING[humidity] B2:SENSOR_TYPE_MISSING[illuminance] B3:KPI_TYPE_MISSING,true,"{""typesAtO1"":[{""key"":""co2"",""target"":""O1"",""status"":200,""version"":2},{""key"":""temperature"",""target"":""O1"",""status"":200,""version"":3},{""key"":""humidity"",""target"":""O1"",""status"":200,""version"":4},{""key"":""illumi",true,1367,true,
rq2-2026-09-23,home,sim,2,"plug soundPressure (decibel, untyped) on dev1; then both bricklets on dev2","{""keysObserved"":[""decibel""]}",true,A4:TYPES_MISSING_ABOVE B2:SENSOR_TYPE_MISSING[decibel] B3:KPI_TYPE_MISSING A2:SENSOR_UNMODELLED (2 sensors on dev2),true,"{""typeAtO1"":{""target"":""O1"",""status"":200,""version"":6},""sensorsAtO0"":[{""sensors"":[""dev1_decibel""],""target"":""O0"",""status"":200,""version"":9},{""target"":""O0"",""status"":200,""version"":10}],""conformance"":{""error",true,1529,true,
rq2-2026-09-23,home,sim,3,"model decibel.max (dev1+dev2), illuminance.avg (dev1) and the goal roomLight","[{""id"":""decibel.max"",""source"":""model""},{""id"":""illuminance.avg"",""source"":""model""},{""id"":""comfort-level"",""source"":""local""}]",true,B3:KPI_TYPE_MISSING,true,"{""kpiTypeAtO1"":{""target"":""O1"",""status"":200,""version"":7},""commit"":200,""o1"":{""status"":200,""version"":8},""conformance"":{""errors"":[],""warnings"":[],""projects"":true}}",true,,true,
rq2-2026-09-23,home,sim,4,unplug dev2 ambient (used by nothing),"{""dev2_illuminance"":{""sensor"":""dev2_illuminance"",""device"":""dev2"",""fleetId"":""acs2"",""key"":""illuminance"",""unit"":""lx"",""label"":""Illuminance"",""online"":false,""value"":null,""observedAt"":null}}",true,,true,"{""deleteSensor"":200,""conformance"":{""errors"":[],""warnings"":[],""projects"":true}}",true,1547,true,"the model is cleaned by the operator, the assistant does not propose removals"
rq2-2026-09-23,home,sim,5,unplug dev2 soundPressure (one of two inputs of decibel.max),"{""disabled"":{""id"":""decibel.max"",""label"":""decibel.max"",""aggregation"":""max"",""inputs"":[""decibel""],""source"":""model"",""sensors"":[{""fleetId"":""acs1"",""device"":""dev1"",""sensor"":""dev1_decibel"",""key"":""decibel"",""on",true,,true,"{""deleteInput"":200,""conformance"":{""errors"":[],""warnings"":[],""projects"":true}}",true,2654,true,
rq2-2026-09-23,home,sim,6,"unplug dev1 ambient (only input of illuminance.avg, measured by the goal)","{""disabled"":{""id"":""illuminance.avg"",""label"":""illuminance.avg"",""aggregation"":""avg"",""inputs"":[""illuminance""],""source"":""model"",""sensors"":[{""fleetId"":""acs1"",""device"":""dev1"",""sensor"":""dev1_illuminance"",""ke",true,,true,"{""status"":422,""error"":""not_conforming"",""diagnostics"":[""C8.TOO_FEW"",""P5.NO_INPUTS"",""P6.GOAL_OUT_OF_SCOPE""],""versionUnchanged"":true}",true,2348,true,the commit is blocked: the indicator would lose its inputs and the goal become unevaluable
rq2-2026-09-23,home,sim,7,replace the controller of dev2 (new X-Device-Id),"{""spaceWhileUnmapped"":null,""mappedAgain"":""room_b""}",true,A1:DEVICE_UNMODELLED,true,"{""rebind"":{""target"":""O0"",""status"":200,""version"":16},""conformance"":{""errors"":[],""warnings"":[],""projects"":true}}",true,9073,true,
rq2-2026-09-23,home,sim,8,"re-plug dev2 ambient, then unplug it before accepting the proposal","{""proposalWhilePlugged"":[""A2:SENSOR_UNMODELLED""],""proposalAfter"":[]}",true,A2:SENSOR_UNMODELLED →,true,,,1717,true,nothing was committed
rq2-2026-09-23,fitness,sim,1,plug ambient (illuminance) on dev1,"{""keyObserved"":true,""modelledBefore"":[]}",true,A4:TYPES_MISSING_ABOVE B2:SENSOR_TYPE_MISSING[co2] B2:SENSOR_TYPE_MISSING[temperature] B2:SENSOR_TYPE_MISSING[humidity] B2:SENSOR_TYPE_MISSING[illuminance] B3:KPI_TYPE_MISSING,true,"{""typesAtO1"":[{""key"":""co2"",""target"":""O1"",""status"":200,""version"":2},{""key"":""temperature"",""target"":""O1"",""status"":200,""version"":3},{""key"":""humidity"",""target"":""O1"",""status"":200,""version"":4},{""key"":""illumi",true,1766,true,
rq2-2026-09-23,fitness,sim,2,"plug soundPressure (decibel, untyped) on dev1; then both bricklets on dev2","{""keysObserved"":[""decibel""]}",true,A4:TYPES_MISSING_ABOVE B2:SENSOR_TYPE_MISSING[decibel] B3:KPI_TYPE_MISSING A2:SENSOR_UNMODELLED (2 sensors on dev2),true,"{""typeAtO1"":{""target"":""O1"",""status"":200,""version"":6},""sensorsAtO0"":[{""sensors"":[""dev1_decibel""],""target"":""O0"",""status"":200,""version"":9},{""target"":""O0"",""status"":200,""version"":10}],""conformance"":{""error",true,2251,true,
rq2-2026-09-23,fitness,sim,3,"model decibel.max (dev1+dev2), illuminance.avg (dev1) and the goal roomLight","[{""id"":""decibel.max"",""source"":""model""},{""id"":""illuminance.avg"",""source"":""model""},{""id"":""comfort-level"",""source"":""local""}]",true,B3:KPI_TYPE_MISSING,true,"{""kpiTypeAtO1"":{""target"":""O1"",""status"":200,""version"":7},""commit"":200,""o1"":null,""conformance"":{""errors"":[],""warnings"":[],""projects"":true}}",true,,true,
rq2-2026-09-23,fitness,sim,4,unplug dev2 ambient (used by nothing),"{""dev2_illuminance"":{""sensor"":""dev2_illuminance"",""device"":""dev2"",""fleetId"":""acs2"",""key"":""illuminance"",""unit"":""lx"",""label"":""Illuminance"",""online"":false,""value"":null,""observedAt"":null}}",true,,true,"{""deleteSensor"":200,""conformance"":{""errors"":[],""warnings"":[],""projects"":true}}",true,1093,true,"the model is cleaned by the operator, the assistant does not propose removals"
rq2-2026-09-23,fitness,sim,5,unplug dev2 soundPressure (one of two inputs of decibel.max),"{""disabled"":{""id"":""decibel.max"",""label"":""decibel.max"",""aggregation"":""max"",""inputs"":[""decibel""],""source"":""model"",""sensors"":[{""fleetId"":""acs1"",""device"":""dev1"",""sensor"":""dev1_decibel"",""key"":""decibel"",""on",true,,true,"{""deleteInput"":200,""conformance"":{""errors"":[],""warnings"":[],""projects"":true}}",true,2155,true,
rq2-2026-09-23,fitness,sim,6,"unplug dev1 ambient (only input of illuminance.avg, measured by the goal)","{""disabled"":{""id"":""illuminance.avg"",""label"":""illuminance.avg"",""aggregation"":""avg"",""inputs"":[""illuminance""],""source"":""model"",""sensors"":[{""fleetId"":""acs1"",""device"":""dev1"",""sensor"":""dev1_illuminance"",""ke",true,,true,"{""status"":422,""error"":""not_conforming"",""diagnostics"":[""C8.TOO_FEW"",""P5.NO_INPUTS"",""P6.GOAL_OUT_OF_SCOPE""],""versionUnchanged"":true}",true,1634,true,the commit is blocked: the indicator would lose its inputs and the goal become unevaluable
rq2-2026-09-23,fitness,sim,7,replace the controller of dev2 (new X-Device-Id),"{""spaceWhileUnmapped"":null,""mappedAgain"":""room_b""}",true,A1:DEVICE_UNMODELLED,true,"{""rebind"":{""target"":""O0"",""status"":200,""version"":15},""conformance"":{""errors"":[],""warnings"":[],""projects"":true}}",true,6404,true,
rq2-2026-09-23,fitness,sim,8,"re-plug dev2 ambient, then unplug it before accepting the proposal","{""proposalWhilePlugged"":[""A2:SENSOR_UNMODELLED""],""proposalAfter"":[]}",true,A2:SENSOR_UNMODELLED →,true,,,1223,true,nothing was committed
hw-2026-09-24,office,hw,1,plug ambient (illuminance) on dev1,"{""keyObserved"":true,""modelledBefore"":[]}",true,A2:SENSOR_UNMODELLED,true,"{""sensorAtO0"":{""sensors"":[""dev1_illuminance""],""target"":""O0"",""status"":200,""version"":2},""conformance"":{""errors"":[],""warnings"":[],""projects"":true}}",true,151,true,
hw-2026-09-24,office,hw,2,"plug soundPressure (decibel, untyped) on dev1; then both bricklets on dev2","{""keysObserved"":[""decibel""]}",true,A4:TYPES_MISSING_ABOVE B2:SENSOR_TYPE_MISSING[decibel] A2:SENSOR_UNMODELLED (2 sensors on dev2),true,"{""typeAtO1"":{""target"":""O1"",""status"":200,""version"":2},""sensorsAtO0"":[{""sensors"":[""dev1_decibel""],""target"":""O0"",""status"":200,""version"":4},{""target"":""O0"",""status"":200,""version"":5}],""conformance"":{""errors",true,136,true,
hw-2026-09-24,office,hw,3,"model decibel.max (dev1+dev2), illuminance.avg (dev1) and the goal roomLight","[{""id"":""decibel.max"",""source"":""model""},{""id"":""illuminance.avg"",""source"":""model""},{""id"":""comfort-level"",""source"":""local""}]",true,,true,"{""kpiTypeAtO1"":null,""commit"":200,""o1"":null,""conformance"":{""errors"":[],""warnings"":[],""projects"":true}}",true,,true,
hw-2026-09-24,office,hw,4,unplug dev2 ambient (used by nothing),"{""dev2_illuminance"":{""sensor"":""dev2_illuminance"",""device"":""dev2"",""fleetId"":""acs2"",""key"":""illuminance"",""unit"":""lx"",""label"":""Illuminance"",""online"":false,""value"":null,""observedAt"":null}}",true,,true,"{""deleteSensor"":200,""conformance"":{""errors"":[],""warnings"":[],""projects"":true}}",true,2608,true,"the model is cleaned by the operator, the assistant does not propose removals"
hw-2026-09-24,office,hw,5,unplug dev2 soundPressure (one of two inputs of decibel.max),"{""disabled"":{""id"":""decibel.max"",""label"":""decibel.max"",""aggregation"":""max"",""inputs"":[""decibel""],""source"":""model"",""sensors"":[{""fleetId"":""acs1"",""device"":""dev1"",""sensor"":""dev1_decibel"",""key"":""decibel"",""on",true,,true,"{""deleteInput"":200,""conformance"":{""errors"":[],""warnings"":[],""projects"":true}}",true,3572,true,
hw-2026-09-24,office,hw,6,"unplug dev1 ambient (only input of illuminance.avg, measured by the goal)","{""disabled"":{""id"":""illuminance.avg"",""label"":""illuminance.avg"",""aggregation"":""avg"",""inputs"":[""illuminance""],""source"":""model"",""sensors"":[{""fleetId"":""acs1"",""device"":""dev1"",""sensor"":""dev1_illuminance"",""ke",true,,true,"{""status"":422,""error"":""not_conforming"",""diagnostics"":[""C8.TOO_FEW"",""P5.NO_INPUTS"",""P6.GOAL_OUT_OF_SCOPE""],""versionUnchanged"":true}",true,5984,true,the commit is blocked: the indicator would lose its inputs and the goal become unevaluable
hw-2026-09-24,office,hw,7,replace the controller of dev2 (new X-Device-Id),"{""spaceWhileUnmapped"":null,""mappedAgain"":""room_b""}",true,A1:DEVICE_UNMODELLED,true,"{""rebind"":{""target"":""O0"",""status"":200,""version"":9},""conformance"":{""errors"":[],""warnings"":[],""projects"":true}}",true,20104,true,
hw-2026-09-24,office,hw,8,"re-plug dev2 ambient, then unplug it before accepting the proposal","{""proposalWhilePlugged"":[""A2:SENSOR_UNMODELLED""],""proposalAfter"":[]}",true,A2:SENSOR_UNMODELLED →,true,,,148,true,nothing was committed
hw-2026-09-24,home,hw,1,plug ambient (illuminance) on dev1,"{""keyObserved"":true,""modelledBefore"":[]}",true,A4:TYPES_MISSING_ABOVE B2:SENSOR_TYPE_MISSING[co2] B2:SENSOR_TYPE_MISSING[temperature] B2:SENSOR_TYPE_MISSING[humidity] B2:SENSOR_TYPE_MISSING[illuminance] B3:KPI_TYPE_MISSING,true,"{""typesAtO1"":[{""key"":""co2"",""target"":""O1"",""status"":200,""version"":2},{""key"":""temperature"",""target"":""O1"",""status"":200,""version"":3},{""key"":""humidity"",""target"":""O1"",""status"":200,""version"":4},{""key"":""illumi",true,5712,true,
hw-2026-09-24,home,hw,2,"plug soundPressure (decibel, untyped) on dev1; then both bricklets on dev2","{""keysObserved"":[""decibel""]}",true,A4:TYPES_MISSING_ABOVE B2:SENSOR_TYPE_MISSING[decibel] B3:KPI_TYPE_MISSING A2:SENSOR_UNMODELLED (2 sensors on dev2),true,"{""typeAtO1"":{""target"":""O1"",""status"":200,""version"":6},""sensorsAtO0"":[{""sensors"":[""dev1_decibel""],""target"":""O0"",""status"":200,""version"":9},{""target"":""O0"",""status"":200,""version"":10}],""conformance"":{""error",true,3837,true,
hw-2026-09-24,home,hw,3,"model decibel.max (dev1+dev2), illuminance.avg (dev1) and the goal roomLight","[{""id"":""decibel.max"",""source"":""model""},{""id"":""illuminance.avg"",""source"":""model""},{""id"":""comfort-level"",""source"":""local""}]",true,B3:KPI_TYPE_MISSING,true,"{""kpiTypeAtO1"":{""target"":""O1"",""status"":200,""version"":7},""commit"":200,""o1"":{""status"":200,""version"":8},""conformance"":{""errors"":[],""warnings"":[],""projects"":true}}",true,,true,
hw-2026-09-24,home,hw,4,unplug dev2 ambient (used by nothing),"{""dev2_illuminance"":{""sensor"":""dev2_illuminance"",""device"":""dev2"",""fleetId"":""acs2"",""key"":""illuminance"",""unit"":""lx"",""label"":""Illuminance"",""online"":false,""value"":null,""observedAt"":null}}",true,,true,"{""deleteSensor"":200,""conformance"":{""errors"":[],""warnings"":[],""projects"":true}}",true,2341,true,"the model is cleaned by the operator, the assistant does not propose removals"
hw-2026-09-24,home,hw,5,unplug dev2 soundPressure (one of two inputs of decibel.max),"{""disabled"":{""id"":""decibel.max"",""label"":""decibel.max"",""aggregation"":""max"",""inputs"":[""decibel""],""source"":""model"",""sensors"":[{""fleetId"":""acs1"",""device"":""dev1"",""sensor"":""dev1_decibel"",""key"":""decibel"",""on",true,,true,"{""deleteInput"":200,""conformance"":{""errors"":[],""warnings"":[],""projects"":true}}",true,3071,true,
hw-2026-09-24,home,hw,6,"unplug dev1 ambient (only input of illuminance.avg, measured by the goal)","{""disabled"":{""id"":""illuminance.avg"",""label"":""illuminance.avg"",""aggregation"":""avg"",""inputs"":[""illuminance""],""source"":""model"",""sensors"":[{""fleetId"":""acs1"",""device"":""dev1"",""sensor"":""dev1_illuminance"",""ke",true,,true,"{""status"":422,""error"":""not_conforming"",""diagnostics"":[""C8.TOO_FEW"",""P5.NO_INPUTS"",""P6.GOAL_OUT_OF_SCOPE""],""versionUnchanged"":true}",true,6180,true,the commit is blocked: the indicator would lose its inputs and the goal become unevaluable
hw-2026-09-24,home,hw,7,replace the controller of dev2 (new X-Device-Id),"{""spaceWhileUnmapped"":null,""mappedAgain"":""room_b""}",true,A1:DEVICE_UNMODELLED,true,"{""rebind"":{""target"":""O0"",""status"":200,""version"":16},""conformance"":{""errors"":[],""warnings"":[],""projects"":true}}",true,14681,true,
hw-2026-09-24,home,hw,8,"re-plug dev2 ambient, then unplug it before accepting the proposal","{""proposalWhilePlugged"":[""A2:SENSOR_UNMODELLED""],""proposalAfter"":[]}",true,A2:SENSOR_UNMODELLED →,true,,,25066,true,nothing was committed
hw-2026-09-24,fitness,hw,1,plug ambient (illuminance) on dev1,"{""keyObserved"":true,""modelledBefore"":[]}",true,A4:TYPES_MISSING_ABOVE B2:SENSOR_TYPE_MISSING[co2] B2:SENSOR_TYPE_MISSING[temperature] B2:SENSOR_TYPE_MISSING[humidity] B2:SENSOR_TYPE_MISSING[illuminance] B3:KPI_TYPE_MISSING,true,"{""typesAtO1"":[{""key"":""co2"",""target"":""O1"",""status"":200,""version"":2},{""key"":""temperature"",""target"":""O1"",""status"":200,""version"":3},{""key"":""humidity"",""target"":""O1"",""status"":200,""version"":4},{""key"":""illumi",true,730,true,
hw-2026-09-24,fitness,hw,2,"plug soundPressure (decibel, untyped) on dev1; then both bricklets on dev2","{""keysObserved"":[""decibel""]}",true,A4:TYPES_MISSING_ABOVE B2:SENSOR_TYPE_MISSING[decibel] B3:KPI_TYPE_MISSING A2:SENSOR_UNMODELLED (2 sensors on dev2),true,"{""typeAtO1"":{""target"":""O1"",""status"":200,""version"":6},""sensorsAtO0"":[{""sensors"":[""dev1_decibel""],""target"":""O0"",""status"":200,""version"":9},{""target"":""O0"",""status"":200,""version"":10}],""conformance"":{""error",true,5030,true,
hw-2026-09-24,fitness,hw,3,"model decibel.max (dev1+dev2), illuminance.avg (dev1) and the goal roomLight","[{""id"":""decibel.max"",""source"":""model""},{""id"":""illuminance.avg"",""source"":""model""},{""id"":""comfort-level"",""source"":""local""}]",true,B3:KPI_TYPE_MISSING,true,"{""kpiTypeAtO1"":{""target"":""O1"",""status"":200,""version"":7},""commit"":200,""o1"":null,""conformance"":{""errors"":[],""warnings"":[],""projects"":true}}",true,,true,
hw-2026-09-24,fitness,hw,4,unplug dev2 ambient (used by nothing),"{""dev2_illuminance"":{""sensor"":""dev2_illuminance"",""device"":""dev2"",""fleetId"":""acs2"",""key"":""illuminance"",""unit"":""lx"",""label"":""Illuminance"",""online"":false,""value"":null,""observedAt"":null}}",true,,true,"{""deleteSensor"":200,""conformance"":{""errors"":[],""warnings"":[],""projects"":true}}",true,5103,true,"the model is cleaned by the operator, the assistant does not propose removals"
hw-2026-09-24,fitness,hw,5,unplug dev2 soundPressure (one of two inputs of decibel.max),"{""disabled"":{""id"":""decibel.max"",""label"":""decibel.max"",""aggregation"":""max"",""inputs"":[""decibel""],""source"":""model"",""sensors"":[{""fleetId"":""acs1"",""device"":""dev1"",""sensor"":""dev1_decibel"",""key"":""decibel"",""on",true,,true,"{""deleteInput"":200,""conformance"":{""errors"":[],""warnings"":[],""projects"":true}}",true,57710,true,
hw-2026-09-24,fitness,hw,6,"unplug dev1 ambient (only input of illuminance.avg, measured by the goal)","{""disabled"":{""id"":""illuminance.avg"",""label"":""illuminance.avg"",""aggregation"":""avg"",""inputs"":[""illuminance""],""source"":""model"",""sensors"":[{""fleetId"":""acs1"",""device"":""dev1"",""sensor"":""dev1_illuminance"",""ke",true,,true,"{""status"":422,""error"":""not_conforming"",""diagnostics"":[""C8.TOO_FEW"",""P5.NO_INPUTS"",""P6.GOAL_OUT_OF_SCOPE""],""versionUnchanged"":true}",true,6539,true,the commit is blocked: the indicator would lose its inputs and the goal become unevaluable
hw-2026-09-24,fitness,hw,7,replace the controller of dev2 (new X-Device-Id),"{""spaceWhileUnmapped"":null,""mappedAgain"":""room_b""}",true,A1:DEVICE_UNMODELLED,true,"{""rebind"":{""target"":""O0"",""status"":200,""version"":15},""conformance"":{""errors"":[],""warnings"":[],""projects"":true}}",true,13064,true,
hw-2026-09-24,fitness,hw,8,"re-plug dev2 ambient, then unplug it before accepting the proposal","{""proposalWhilePlugged"":[""A2:SENSOR_UNMODELLED""],""proposalAfter"":[]}",true,A2:SENSOR_UNMODELLED →,true,,,10730,true,nothing was committed
